ML Model Name,Accuracy,AUC,Precision,Recall,F1 Score,MCC
XGBoost,0.9360888888888889,0.9791498971428572,0.8973672467648371,0.8044,0.8483442311748576,0.8099499778938346
Random Forest,0.9277333333333333,0.9746728914285714,0.8973151201130476,0.762,0.8241401687216093,0.783164516998364
Decision Tree,0.8978666666666667,0.8539142857142857,0.7677368212445501,0.7748,0.771252239697392,0.705522724191959
Logistic Regression,0.9,0.9562691657142857,0.791437049597287,0.7468,0.7684708787816423,0.705250432787782
KNN,0.8904,0.9212781028571428,0.7918010133578995,0.6876,0.7360308285163777,0.6699512546756906
Naive Bayes,0.8060444444444445,0.7805437714285715,0.6663179916317992,0.2548,0.36863425925925924,0.3255307297378808
